{"label": [0, 0, 1, 0, 0, 0, 0, 0, 0, 0, 0, 0, 0, 0, 0, 1, 0, 0, 0, 0, 0, 0, 0, 0, 1, 0, 0, 0, 1, 0, 0, 0, 0, 0, 0, 1, 0, 1, 0, 1, 0, 1, 0, 1, 0, 0, 0, 0, 0, 0, 0, 0, 0, 0, 0, 0, 0, 0, 0, 0, 0, 0, 0, 0, 0, 0, 0, 1, 1, 0, 0, 0, 0, 0, 0, 0, 1, 0, 0, 0, 0, 1, 0, 0, 1, 0, 0, 0, 1, 1, 0, 0, 0, 0, 0, 1, 0, 0, 0, 1, 0, 0, 0, 0, 0, 0, 0, 0, 0, 0, 0, 0, 0, 0, 0, 0, 0, 0, 0, 0, 0, 0, 0, 0, 0, 1, 0, 0, 1, 0, 1, 0, 0, 0, 0, 0, 0, 0, 0, 1, 0, 0, 0, 0, 1, 0, 0, 0, 0, 0, 0, 0, 0, 0, 0, 0, 0, 1, 0, 1, 0, 0, 1, 1, 0, 0, 0, 0, 0, 0, 1, 0, 0, 0, 1, 0, 0, 0, 0, 0, 0, 0, 0, 1, 0, 0, 1, 0, 1, 0, 0, 0, 0, 0, 0, 0, 0, 0, 0, 0, 0, 0, 0, 0, 0, 0, 0, 0, 1, 1, 0, 0, 0, 0, 0, 0, 0, 0, 0, 0, 1, 0, 0, 0, 0, 0, 0, 0, 0, 0, 0, 0, 0, 0, 0, 0, 0, 0, 0, 0, 0, 0, 0, 0, 0, 0, 0, 0, 0, 0, 0, 0, 0, 0, 1, 0, 0, 0, 1, 0, 0, 0, 0, 0, 1, 0, 0, 0, 0, 0, 0, 0, 0, 0, 0, 0, 0, 1, 0, 0, 0, 0, 0, 0, 0, 0, 0, 0, 0, 0, 0, 0, 0, 0, 0, 0, 0, 0, 0, 0, 0, 0, 0, 0, 0, 0, 0, 0, 0, 0, 0, 1, 0, 0, 0, 0, 1, 0, 1, 1, 1, 1, 0, 1, 1, 1, 1, 0, 0, 0, 0, 0, 0, 0, 1, 1, 0, 0, 0, 0, 1, 0, 0, 1, 1, 1, 0, 1, 1, 1, 0, 1, 0, 1, 1, 0, 1, 1, 0, 0, 0, 1, 1, 0, 1, 1, 1, 0, 1, 0, 0, 0, 1, 1, 1, 0, 0, 0, 0, 1, 0, 0, 0, 0, 1, 0, 0, 0, 0, 0, 0, 0, 0, 1, 0, 1, 0, 1, 1, 0, 0, 1, 1, 1, 1, 1, 1, 1, 1, 1, 0, 1, 1, 1, 1, 0, 0, 1, 1, 1, 0, 1, 0, 1, 1, 0, 0, 1, 0, 1, 0, 1, 1, 1, 1, 0, 0, 0, 1, 1, 1, 1, 0, 1, 1, 1, 1, 0, 1, 1, 0, 0, 0, 0, 0, 0, 1, 0, 1, 0, 0, 0, 1, 1, 0, 1, 1, 1, 1, 1, 0, 0, 0, 0, 0, 0, 1, 0, 1, 0, 0, 0, 1, 1, 0, 0, 1, 0, 0, 0, 0, 0, 1, 0, 1, 1, 0, 1, 0, 1, 1, 1, 1, 0, 1, 0, 0, 1, 1, 1, 1, 1, 1, 1, 0, 0, 0, 0, 0, 1, 1, 0, 0, 0, 1, 0, 0, 0, 0, 0, 0, 0, 0, 0, 0, 1, 0, 0, 1, 0, 0, 1, 0, 1, 0, 0, 1, 0, 0, 1, 0, 0, 0, 0, 0, 0, 0, 0, 0, 0, 0, 1, 0, 0, 0, 0, 0, 0, 0, 0, 0, 0, 0, 1, 0, 0, 0, 0, 0, 0, 0, 0, 0, 0, 0, 0, 0, 1, 0, 0, 0, 0, 0, 0, 1, 0, 0, 0, 0, 0, 0, 0, 0, 0, 0, 0, 0, 1, 0, 0, 0, 0, 0, 0, 1, 1, 1, 0, 0, 0, 0, 0, 0, 0, 0, 0, 0, 0, 0, 0, 0, 0, 1, 0, 0, 1, 0, 1, 0, 0, 0, 0, 1, 0, 1, 1, 0, 1, 0, 0, 0, 0, 1, 1, 0, 0, 0, 0, 0, 0, 0, 0, 1, 0, 0, 0, 0, 1, 1, 1, 0, 0, 0, 0, 1, 0, 1, 1, 0, 0, 1, 1, 0, 0, 0, 0, 0, 0, 0, 0, 0, 0, 0, 0, 0, 0, 0, 0, 1, 0, 0, 0, 0, 0, 0, 0, 0, 0, 1, 1, 0, 0, 1, 1, 1, 0, 0, 0, 0, 0, 0, 1, 1, 0, 1, 1, 0, 1, 1, 0, 0, 1, 0, 1, 1, 0, 1, 1], "normalized_loss": [0.46092310855522295, 0.04627801150638933, 0.4588388567232519, 0.0834794484689103, 0.016486007169150288, 0.08285103150574538, 0.022987897942871573, 0.048352507951479363, 0.08672020589057258, 0.4974070621706853, 0.363870702430442, 0.045720224140902634, 0.18043810443077515, 0.10579601469623676, 0.038299164108780114, 0.6545344235271531, 0.08072552065219504, 0.024761334795577322, 0.17163847696722206, 0.028425549098694363, 0.0018985414853831004, 0.093655540138282, 0.07233702158805214, 0.3649959728823216, 0.6894556655964356, 0.08071666025493615, 0.05252138452776398, 0.3439135376779108, 0.46602389307553016, 0.018500733223977037, 0.09187297439143073, 0.04163367169335848, 0.045757246878270603, 0.04285038025163036, 0.12317267078783035, 0.4140907479351452, 0.05014336726882886, 0.9660804899817584, 0.0966056496801639, 0.754448379970708, 0.2794692132780929, 0.39002432783165564, 0.05215876456587219, 0.6236794773069676, 0.0456714024570165, 0.056584010919410385, 0.03894400413151076, 0.11119056464350807, 0.23239105867479617, 0.17953789403586895, 0.07355210424851051, 0.027855992619676914, 0.05238125898592887, 0.20531705577919152, 0.05604096104970111, 0.09262555624816979, 0.30929363861439285, 0.03996840925297849, 0.15035911421295953, 0.06257914365259898, 0.08639362417746445, 0.06794894713681894, 0.5602016820330542, 0.06577504717769983, 0.10793501006009355, 0.05811879878938035, 0.03875475857591548, 0.5770699691027954, 0.961892893205878, 0.14867686188625312, 0.00980130730686607, 0.32640607885304573, 0.30126847550383945, 0.25878415346589917, 0.30201113789226675, 0.14348927828909488, 0.43507216864420717, 0.09866460313881661, 0.49189458242420725, 0.14576895110505375, 0.1388448489771018, 0.4032881038643213, 0.12230954279626695, 0.3221017754304421, 0.5706867837859533, 0.3280556938915325, 0.6296473277731754, 0.01218958711346806, 0.6352599270253804, 0.6254616999744637, 0.019232573696223682, 0.17876626381667265, 0.1730418206946914, 0.1129525903785319, 0.06755336172384607, 0.9681303742122404, 0.3063688125293356, 0.11754009835055874, 0.19677375334341088, 0.545105474415092, 0.03465670551172721, 0.05645016522142375, 0.18407811672286095, 0.06295154883435918, 0.11546167886762512, 0.4455981415898493, 0.3138415880451224, 0.0576787025592012, 0.2713837576999966, 0.06603423617226303, 0.17639907593216506, 0.04361315007356777, 0.059885284556021046, 0.05489482242313264, 0.26193293578739585, 0.11139580068035172, 0.023875071322282355, 0.14158230898477023, 0.25909170173304374, 0.4229082453581531, 0.20128697717680252, 0.05271817782917239, 0.13938731710355673, 0.3920396654627241, 0.08943051787970366, 0.7482419252712454, 0.15923460696348019, 0.40261155137598054, 0.6230971373928477, 0.06886804181275166, 0.46901858801708685, 0.47807856796171194, 0.08369664753370283, 0.16316757919187017, 0.15731139359751423, 0.14307446551574035, 0.16616304979109936, 0.10980033251400265, 0.2985420984509915, 0.6920438562516297, 0.2766843635699337, 0.13517652517996992, 0.5287723314733982, 0.17211174747939412, 0.7282421888456891, 0.034231779355642825, 0.14590079799288433, 0.4492650334035858, 0.023655276787585708, 0.1249444369932415, 0.08234182716024559, 0.08401147504977391, 0.1743147942672066, 0.32240001580551675, 0.17581044125770295, 0.06000109621312215, 0.031374480237573804, 0.4292701299219889, 0.13012147462935253, 0.6672325362856575, 0.4340474055268906, 0.07892569652213074, 0.37945742402729565, 0.6288320518934076, 0.03922568719857635, 0.22289990256322567, 0.30832448418559677, 0.10666443804306432, 0.14273299714191776, 0.1958429939694033, 0.40270307898133506, 0.27161332253806797, 0.22971172824308383, 0.5645154723456522, 0.3222278794681975, 0.017570473552508487, 0.026493609583912836, 0.18664112833668633, 0.03597775494344348, 0.234431545514246, 0.05283361657393095, 0.15058854480258754, 0.2168029050945472, 0.5143388338376215, 0.03838548585783268, 0.46801840728139094, 0.6101549311314063, 0.14319948064945548, 0.7348389186863667, 0.5897742871226798, 0.1184684561690803, 0.25869355068315414, 0.11210836158448874, 0.383298122825646, 0.04670089410283656, 0.30350711304562455, 0.05154401111093816, 0.1721141639513738, 0.06068360038244995, 0.0947200407948203, 0.0331450829564762, 0.16235072216376986, 0.16402390526230554, 0.22031233840076705, 0.3394347709449704, 0.3514998873767434, 0.10354790518095097, 0.39525414002248377, 0.5543344880663463, 0.8518427616300974, 0.2515382578193174, 0.21724810276557238, 0.014831976848527786, 0.10355181330230086, 0.4331681677221292, 0.017604938111206593, 0.26408795146548847, 0.052915418625391855, 0.02256071193799136, 0.04201808465254866, 0.8837783183200192, 0.18933093014697736, 0.06795418282610828, 0.19355000072456868, 0.20794769877546102, 0.16272035287770154, 0.19990448670752836, 0.24864198190320544, 0.19488076079368485, 0.14423204509297813, 0.3319035824398472, 0.29762049780411687, 0.4274725730989673, 0.10236859227238962, 0.014538808081311775, 0.19642622887314534, 0.18530517732776192, 0.0960559321377699, 0.19568732544113088, 0.2665398053682477, 0.08188809725482295, 0.10911594886646842, 0.2506099447502769, 0.23371361467237634, 0.12328949676650318, 0.15073134039679528, 0.30625407485978107, 0.2549055667735461, 0.103229870618734, 0.10386558174731912, 0.06236525604940826, 0.2817281372513125, 0.23430809661236957, 0.4121889546541351, 0.7934829346772359, 0.047691707280487744, 0.34649838703851565, 0.1037982785277364, 0.6180689066979062, 0.23092593083041382, 0.11472207436040667, 0.3499573130970611, 0.19141551014180982, 0.43897324940906257, 0.6360903580627493, 0.10277699095345236, 0.030375313823449587, 0.27043271189455453, 0.12319781999621165, 0.10920097288056892, 0.07582570605153274, 0.02153080263034765, 0.20307973088885214, 0.14835547111295322, 0.16863301231721264, 0.1237973138780887, 0.023749817524667982, 